t_us,x_gal,y_gal,z_gal
471463058,-6.48416,-17.88733,982.83423
471473058,-6.55869,-17.96186,983.05782
471483058,-6.40963,-17.88733,983.20688
471493058,-6.40963,-17.96186,982.98329
471503058,-6.48416,-18.03639,982.68517
471513058,-6.26057,-18.11092,982.98329
471523058,-6.40963,-18.40904,982.98329
471533058,-6.40963,-18.11092,983.20688
471543058,-6.18603,-17.88733,982.83423
471553058,-6.55869,-17.96186,982.68517
471563058,-6.48416,-18.03639,983.05782
471573058,-6.40963,-17.81280,982.83423
471583058,-6.33510,-18.11092,983.05782
471593058,-6.55869,-18.11092,983.57954
471603058,-6.40963,-18.03639,983.28141
471613058,-6.48416,-17.96186,983.13235
471623058,-6.33510,-17.81280,982.98329
471633058,-6.40963,-18.18545,983.20688
471643058,-6.40963,-17.96186,982.98329
471653058,-6.48416,-18.03639,982.90876
471663058,-6.55869,-17.96186,982.83423
471673058,-6.48416,-18.33451,983.28141
471683058,-6.78228,-18.11092,982.68517
471693058,-6.40963,-17.81280,983.05782
471703058,-6.33510,-17.88733,983.28141
471713058,-6.48416,-18.11092,982.90876
471723058,-6.33510,-18.03639,982.83423
471733058,-6.48416,-17.96186,982.75970
471743058,-6.78228,-18.11092,983.28141
471753058,-6.55869,-18.03639,982.75970
471763058,-6.85681,-17.88733,983.13235
471773058,-6.26057,-18.03639,982.98329
471783058,-6.63322,-18.18545,982.83423
471793058,-6.48416,-17.96186,983.28141
471803058,-6.55869,-18.25998,982.83423
471813058,-6.40963,-18.40904,983.13235
471823058,-6.40963,-18.03639,983.13235
471833058,-6.48416,-17.96186,982.98329
471843058,-6.55869,-17.73827,982.98329
471853058,-6.48416,-17.81280,982.83423
471863058,-6.48416,-18.11092,983.35594
471873058,-6.70775,-18.03639,983.20688
471883058,-6.48416,-18.03639,983.35594
471893058,-6.48416,-18.11092,983.35594
471903058,-6.26057,-17.88733,982.90876
471913058,-6.48416,-18.18545,983.05782
471923058,-6.48416,-18.03639,983.50501
471933058,-6.63322,-18.03639,982.98329
471943058,-6.48416,-18.33451,983.05782
471953058,-6.40963,-17.96186,983.20688
471963058,-6.40963,-18.03639,983.43048
471973058,-6.33510,-17.81280,983.05782
471983058,-6.55869,-17.81280,982.98329
471993058,-6.63322,-17.81280,983.28141
472003058,-6.48416,-18.03639,983.50501
472013058,-6.18603,-17.81280,982.61064
472023058,-6.48416,-18.03639,982.83423
472033058,-6.40963,-17.96186,982.83423
472043058,-6.40963,-18.33451,983.28141
472053058,-6.63322,-18.03639,982.75970
472063058,-6.63322,-18.25998,983.13235
472073058,-6.55869,-18.33451,983.50501
472083058,-6.40963,-17.81280,983.05782
472093058,-6.11150,-18.03639,983.13235
472103058,-6.48416,-18.03639,982.83423
472113058,-6.40963,-18.18545,983.35594
472123058,-6.26057,-18.11092,983.35594
472133058,-6.55869,-18.11092,982.98329
472143058,-6.26057,-17.96186,983.13235
472153058,-6.40963,-17.96186,983.50501
472163058,-6.26057,-18.18545,983.13235
472173058,-6.48416,-18.18545,983.20688
472183058,-6.63322,-17.96186,983.35594
472193058,-6.55869,-17.96186,983.35594
472203058,-6.48416,-17.88733,982.98329
472213058,-6.40963,-17.73827,983.13235
472223058,-6.48416,-18.40904,983.43048
472233058,-6.26057,-18.03639,983.20688
472243058,-6.26057,-18.03639,982.75970
472253058,-6.48416,-17.88733,982.83423
472263058,-6.63322,-18.18545,983.05782
472273058,-6.26057,-18.03639,983.13235
472283058,-6.26057,-17.96186,983.28141
472293058,-6.55869,-18.18545,983.35594
472303058,-6.55869,-18.18545,983.13235
472313058,-6.40963,-17.96186,983.28141
472323058,-6.33510,-18.18545,982.90876
472333058,-6.40963,-18.03639,983.13235
472343058,-6.63322,-18.33451,983.05782
472353058,-6.63322,-17.96186,983.35594
472363058,-6.63322,-18.03639,983.35594
472373058,-6.40963,-17.88733,983.05782
472383058,-6.33510,-18.33451,983.28141
472393058,-6.55869,-18.03639,982.75970
472403058,-6.55869,-18.18545,983.05782
472413058,-6.48416,-17.96186,983.28141
472423058,-6.63322,-17.96186,983.20688
472433058,-6.26057,-18.11092,983.35594
472443058,-6.63322,-18.25998,983.43048
472453058,-6.40963,-17.88733,983.35594
472463058,-6.26057,-18.11092,982.98329
472473058,-6.48416,-18.03639,983.20688
472483058,-6.48416,-17.96186,983.28141
472493058,-6.33510,-17.88733,983.05782
472503058,-6.40963,-17.88733,983.50501
472513058,-6.11150,-17.96186,983.20688
472523058,-6.48416,-18.03639,982.68517
472533058,-6.48416,-17.88733,982.98329
472543058,-6.48416,-17.96186,982.98329
472553058,-6.48416,-18.11092,983.28141
472563058,-6.40963,-18.03639,982.98329
472573058,-6.48416,-17.58921,983.05782
472583058,-6.26057,-17.96186,983.57954
472593058,-6.40963,-18.03639,983.13235
472603058,-6.40963,-17.96186,982.68517
472613058,-6.40963,-17.81280,982.98329
472623058,-6.33510,-18.11092,983.28141
472633058,-6.26057,-18.11092,982.83423
472643058,-6.40963,-17.81280,982.46158
472653058,-6.55869,-18.03639,982.98329
472663058,-6.40963,-18.11092,982.83423
472673058,-6.48416,-18.25998,983.28141
472683058,-6.40963,-17.96186,982.83423
472693058,-6.26057,-18.11092,983.13235
472703058,-6.33510,-18.33451,983.13235
472713058,-6.18603,-18.18545,983.13235
472723058,-6.18603,-17.88733,982.68517
472733058,-6.55869,-18.03639,983.05782
472743058,-6.18603,-17.96186,983.13235
472753058,-6.70775,-17.96186,983.35594
472763058,-6.48416,-17.88733,983.13235
472773058,-6.33510,-18.03639,983.20688
472783058,-6.55869,-18.18545,983.28141
472793058,-6.33510,-18.25998,983.20688
472803058,-6.26057,-18.03639,982.68517
472813058,-6.55869,-17.88733,983.20688
472823058,-6.55869,-18.03639,983.05782
472833058,-6.55869,-17.81280,982.83423
472843058,-6.40963,-17.96186,983.28141
472853058,-6.40963,-17.73827,983.28141
472863058,-6.33510,-17.58921,983.20688
472873058,-6.40963,-18.03639,983.13235
472883058,-6.33510,-18.11092,983.20688
472893058,-6.11150,-18.18545,983.20688
472903058,-6.55869,-18.18545,982.98329
472913058,-6.85681,-17.96186,983.28141
472923058,-6.70775,-18.03639,983.05782
472933058,-6.78228,-17.96186,982.90876
472943058,-6.40963,-18.11092,983.13235
472953058,-6.33510,-18.11092,983.05782
472963058,-6.63322,-18.25998,983.43048
472973058,-6.26057,-17.73827,983.05782
472983058,-6.48416,-18.33451,982.90876
472993058,-6.18603,-18.18545,983.20688
473003058,-6.26057,-18.11092,983.20688
473013058,-5.96244,-17.88733,982.46158
473023058,-6.48416,-17.88733,983.13235
473033058,-6.63322,-17.88733,982.90876
473043058,-6.63322,-17.96186,983.57954
473053058,-6.55869,-17.96186,982.68517
473063058,-6.48416,-17.96186,983.20688
473073058,-6.55869,-17.96186,983.50501
473083058,-6.40963,-18.18545,983.13235
473093058,-6.40963,-18.03639,982.90876
473103058,-6.55869,-18.33451,983.13235
473113058,-6.26057,-18.18545,983.20688
473123058,-6.63322,-18.03639,983.20688
473133058,-6.48416,-18.11092,983.05782
473143058,-6.40963,-17.51468,983.35594
473153058,-6.18603,-18.25998,982.83423
473163058,-6.48416,-18.03639,982.98329
473173058,-6.55869,-17.96186,983.05782
473183058,-6.48416,-18.18545,983.05782
473193058,-6.63322,-17.96186,982.75970
473203058,-6.70775,-17.73827,983.13235
473213058,-6.70775,-18.11092,983.05782
473223058,-6.70775,-17.96186,983.13235
473233058,-6.78228,-18.03639,982.98329
473243058,-6.40963,-17.96186,983.05782
473253058,-6.55869,-18.25998,983.35594
473263058,-6.33510,-17.73827,983.13235
473273058,-6.48416,-18.18545,983.20688
473283058,-6.18603,-17.96186,983.35594
473293058,-6.48416,-18.11092,983.13235
473303058,-6.48416,-17.81280,982.90876
473313058,-6.78228,-18.25998,983.28141
473323058,-6.40963,-18.11092,982.83423
473333058,-6.63322,-17.96186,983.13235
473343058,-6.55869,-18.03639,982.83423
473353058,-6.63322,-18.18545,983.05782
473363058,-6.40963,-18.18545,983.65407
473373058,-6.55869,-17.81280,983.13235
473383058,-6.33510,-17.88733,982.75970
473393058,-6.40963,-18.03639,983.13235
473403058,-6.55869,-17.66374,983.13235
473413058,-6.33510,-17.88733,983.05782
473423058,-6.26057,-17.88733,982.68517
473433058,-6.40963,-17.73827,983.05782
473443058,-6.55869,-18.25998,982.98329
473453058,-6.18603,-18.03639,982.68517
473463058,-6.63322,-17.81280,982.83423
473473058,-6.40963,-18.18545,983.35594
473483058,-6.26057,-18.03639,982.75970
473493058,-6.33510,-17.88733,982.83423
473503058,-6.18603,-18.63264,982.98329
473513058,-6.18603,-18.18545,983.50501
473523058,-6.40963,-17.96186,982.53611
473533058,-6.55869,-17.73827,982.83423
473543058,-6.33510,-18.03639,983.20688
473553058,-6.70775,-18.11092,983.13235
473563058,-6.48416,-18.03639,982.98329
473573058,-6.33510,-18.03639,983.05782
473583058,-6.26057,-18.33451,982.90876
473593058,-6.33510,-17.96186,982.98329
473603058,-6.48416,-17.88733,982.83423
473613058,-6.40963,-18.18545,983.05782
473623058,-6.40963,-18.18545,983.13235
473633058,-6.18603,-18.03639,982.61064
473643058,-6.33510,-17.81280,982.98329
473653058,-6.48416,-18.11092,983.35594
473663058,-6.33510,-17.81280,982.98329
473673058,-6.40963,-18.18545,982.98329
473683058,-6.40963,-18.18545,983.05782
473693058,-6.26057,-17.81280,983.28141
473703058,-6.33510,-18.25998,983.13235
473713058,-6.70775,-18.03639,983.13235
473723058,-6.40963,-18.25998,983.05782
473733058,-6.55869,-18.03639,983.28141
473743058,-6.40963,-17.96186,983.20688
473753058,-6.55869,-18.03639,983.05782
473763058,-6.40963,-18.11092,983.35594
473773058,-6.40963,-18.40904,983.05782
473783058,-6.40963,-17.96186,982.75970
473793058,-6.18603,-18.25998,983.50501
473803058,-6.48416,-17.96186,983.28141
473813058,-6.48416,-17.88733,983.35594
473823058,-6.26057,-18.18545,982.98329
473833058,-6.55869,-18.03639,982.90876
473843058,-6.40963,-18.11092,982.83423
473853058,-6.55869,-18.11092,982.90876
473863058,-6.33510,-17.66374,982.75970
473873058,-6.26057,-17.96186,983.13235
473883058,-6.63322,-18.25998,983.50501
473893058,-6.55869,-18.25998,983.35594
473903058,-6.70775,-18.03639,983.28141
473913058,-6.40963,-18.11092,982.98329
473923058,-6.85681,-18.25998,983.20688
473933058,-6.55869,-18.03639,983.05782
473943058,-6.33510,-18.25998,983.20688
473953058,-6.33510,-18.40904,983.43048
473963058,-6.33510,-17.88733,983.35594
473973058,-6.18603,-17.96186,982.61064
473983058,-6.48416,-18.03639,983.20688
473993058,-6.26057,-18.11092,983.13235
474003058,-6.48416,-17.73827,983.13235
474013058,-6.33510,-17.73827,983.05782
474023058,-6.40963,-18.11092,983.20688
474033058,-6.40963,-18.03639,983.28141
474043058,-6.33510,-18.11092,983.28141
474053058,-6.40963,-18.11092,982.83423
474063058,-6.63322,-18.40904,983.13235
474073058,-6.26057,-18.03639,982.90876
474083058,-6.18603,-18.03639,982.75970
474093058,-6.40963,-18.03639,983.20688
474103058,-6.33510,-18.18545,983.20688
474113058,-6.03697,-18.03639,983.05782
474123058,-6.33510,-17.96186,982.90876
474133058,-6.26057,-18.18545,982.98329
474143058,-6.55869,-18.11092,982.98329
474153058,-6.26057,-18.03639,982.61064
474163058,-6.70775,-17.88733,982.90876
474173058,-6.40963,-18.03639,983.20688
474183058,-6.48416,-18.03639,983.50501
474193058,-6.33510,-17.96186,982.98329
474203058,-6.63322,-18.03639,982.98329
474213058,-6.48416,-18.33451,983.13235
474223058,-6.26057,-18.18545,982.90876
474233058,-6.48416,-18.33451,982.90876
474243058,-6.70775,-18.11092,983.35594
474253058,-6.33510,-17.58921,982.75970
474263058,-6.33510,-17.96186,983.05782
474273058,-6.63322,-18.11092,983.13235
474283058,-6.33510,-18.11092,983.05782
474293058,-6.55869,-18.25998,982.75970
474303058,-6.40963,-18.18545,983.28141
474313058,-6.40963,-17.96186,982.90876
474323058,-6.55869,-18.40904,982.90876
474333058,-6.40963,-18.25998,982.68517
474343058,-6.78228,-17.88733,982.61064
474353058,-6.63322,-18.03639,983.43048
474363058,-6.48416,-18.03639,983.13235
474373058,-6.26057,-18.25998,982.75970
474383058,-6.33510,-18.11092,983.35594
474393058,-6.40963,-18.40904,983.28141
474403058,-6.33510,-18.18545,983.13235
474413058,-6.40963,-17.88733,982.75970
474423058,-6.26057,-18.18545,982.83423
474433058,-6.78228,-18.03639,983.28141
474443058,-6.40963,-18.18545,982.90876
474453058,-6.33510,-18.03639,982.46158
474463058,-6.55869,-17.96186,983.43048
474473058,-6.33510,-18.03639,983.20688
474483058,-6.70775,-18.18545,982.98329
474493058,-6.55869,-17.88733,982.61064
474503058,-6.63322,-17.96186,982.75970
474513058,-6.33510,-18.33451,983.05782
474523058,-6.33510,-18.03639,983.13235
474533058,-6.40963,-18.03639,982.83423
474543058,-6.33510,-17.81280,983.05782
474553058,-6.48416,-17.88733,983.13235
474563058,-6.55869,-18.18545,982.75970
474573058,-6.55869,-18.11092,983.35594
474583058,-6.03697,-17.96186,982.83423
474593058,-6.55869,-18.03639,982.75970
474603058,-6.70775,-18.25998,983.13235
474613058,-6.33510,-18.18545,983.13235
474623058,-6.33510,-18.03639,983.05782
474633058,-6.33510,-18.03639,983.13235
474643058,-6.33510,-18.48357,982.83423
474653058,-6.63322,-17.66374,982.90876
474663058,-6.48416,-18.33451,982.61064
474673058,-6.48416,-18.18545,982.83423
474683058,-6.18603,-17.96186,982.53611
474693058,-6.18603,-18.25998,983.05782
474703058,-6.40963,-18.18545,982.98329
474713058,-6.26057,-18.03639,982.83423
474723058,-6.40963,-17.96186,982.98329
474733058,-6.40963,-18.03639,983.43048
474743058,-6.55869,-17.73827,982.61064
474753058,-6.63322,-17.96186,982.75970
474763058,-6.40963,-18.03639,983.05782
474773058,-6.55869,-17.96186,983.20688
474783058,-6.11150,-17.96186,982.53611
474793058,-6.33510,-18.03639,983.35594
474803058,-6.40963,-18.18545,983.20688
474813058,-6.33510,-18.03639,982.98329
474823058,-6.40963,-18.18545,983.28141
474833058,-6.33510,-18.03639,983.13235
474843058,-6.63322,-17.88733,982.98329
474853058,-6.33510,-17.96186,983.13235
474863058,-6.40963,-18.11092,982.90876
474873058,-6.48416,-18.25998,982.98329
474883058,-6.33510,-18.03639,982.98329
474893058,-6.26057,-18.33451,983.05782
474903058,-6.48416,-18.18545,983.05782
474913058,-6.78228,-18.11092,982.90876
474923058,-6.11150,-17.88733,982.83423
474933058,-6.40963,-18.03639,983.13235
474943058,-6.18603,-17.96186,982.53611
474953058,-6.26057,-18.03639,982.98329
474963058,-6.18603,-18.18545,982.75970
474973058,-6.26057,-18.33451,983.28141
474983058,-6.33510,-18.18545,982.61064
474993058,-6.11150,-18.11092,982.83423
475003058,-6.40963,-18.03639,982.53611
475013058,-6.33510,-17.81280,982.68517
475023058,-6.48416,-18.03639,983.13235
475033058,-6.48416,-18.03639,982.90876
475043058,-6.48416,-17.96186,983.05782
475053058,-6.55869,-18.33451,983.13235
475063058,-6.63322,-18.03639,983.05782
475073058,-6.40963,-17.96186,982.53611
475083058,-6.48416,-17.88733,982.75970
475093058,-6.40963,-18.18545,983.13235
475103058,-6.18603,-18.03639,982.98329
475113058,-6.40963,-18.11092,982.61064
475123058,-6.63322,-18.18545,983.20688
475133058,-6.48416,-17.81280,982.98329
475143058,-6.40963,-18.03639,982.83423
475153058,-6.33510,-17.81280,982.75970
475163058,-6.55869,-17.81280,982.75970
475173058,-6.33510,-18.25998,982.75970
475183058,-6.26057,-17.81280,982.61064
475193058,-6.18603,-18.25998,983.13235
475203058,-6.63322,-18.33451,982.90876
475213058,-6.26057,-18.03639,983.13235
475223058,-6.26057,-17.81280,982.68517
475233058,-6.48416,-17.96186,982.90876
475243058,-6.48416,-18.18545,983.13235
475253058,-6.55869,-18.25998,982.68517
475263058,-6.48416,-17.81280,982.46158
475273058,-6.70775,-17.88733,982.75970
475283058,-6.48416,-18.11092,982.98329
475293058,-6.40963,-18.03639,982.98329
475303058,-6.70775,-17.96186,982.53611
475313058,-6.33510,-17.81280,982.83423
475323058,-6.40963,-18.11092,982.98329
475333058,-6.78228,-18.03639,982.75970
475343058,-6.18603,-18.11092,982.75970
475353058,-6.33510,-18.18545,983.20688
475363058,-6.33510,-17.88733,982.83423
475373058,-6.55869,-18.11092,983.13235
475383058,-6.48416,-17.81280,983.13235
475393058,-6.48416,-18.18545,982.83423
475403058,-6.33510,-18.18545,982.83423
475413058,-6.78228,-18.11092,983.13235
475423058,-6.48416,-18.33451,982.83423
475433058,-6.40963,-17.88733,983.20688
475443058,-6.48416,-18.03639,982.61064
475453058,-6.63322,-18.18545,982.83423
475463058,-6.55869,-18.11092,983.13235
475473058,-6.70775,-18.03639,982.90876
475483058,-6.33510,-18.11092,983.13235
475493058,-6.55869,-17.96186,983.13235
475503058,-6.48416,-17.88733,983.20688
475513058,-6.48416,-17.96186,982.83423
475523058,-6.48416,-18.18545,983.13235
475533058,-6.48416,-18.11092,982.83423
475543058,-6.55869,-18.18545,983.50501
475553058,-6.55869,-18.18545,982.98329
475563058,-6.48416,-18.03639,982.98329
475573058,-6.18603,-17.88733,983.20688
475583058,-6.33510,-17.96186,982.68517
475593058,-6.40963,-17.73827,982.68517
475603058,-6.55869,-18.11092,982.98329
475613058,-6.63322,-17.81280,982.83423
475623058,-6.63322,-17.88733,982.83423
475633058,-6.26057,-18.18545,982.68517
475643058,-6.40963,-18.11092,983.43048
475653058,-6.40963,-18.11092,982.98329
475663058,-6.48416,-18.03639,982.98329
475673058,-6.78228,-17.73827,982.75970
475683058,-6.40963,-17.81280,982.90876
475693058,-6.48416,-17.81280,982.90876
475703058,-6.55869,-17.73827,982.98329
475713058,-6.63322,-18.25998,983.05782
475723058,-6.48416,-17.81280,983.20688
475733058,-6.40963,-18.03639,982.83423
475743058,-6.26057,-17.96186,983.05782
475753058,-6.48416,-17.96186,983.05782
475763058,-6.33510,-17.81280,983.35594
475773058,-6.26057,-17.88733,982.90876
475783058,-6.48416,-18.40904,983.05782
475793058,-6.26057,-18.25998,982.83423
475803058,-6.33510,-17.73827,983.28141
475813058,-6.40963,-18.03639,982.83423
475823058,-6.33510,-17.88733,983.28141
475833058,-6.55869,-18.18545,983.05782
475843058,-6.63322,-18.11092,982.90876
475853058,-6.26057,-17.88733,982.98329
475863058,-6.40963,-18.11092,982.75970
475873058,-6.55869,-18.18545,982.98329
475883058,-6.48416,-18.11092,982.90876
475893058,-6.40963,-18.03639,982.46158
475903058,-6.55869,-18.03639,983.50501
475913058,-6.40963,-18.18545,983.05782
475923058,-6.63322,-17.73827,983.13235
475933058,-6.55869,-18.03639,982.90876
475943058,-6.40963,-17.96186,983.20688
475953058,-6.33510,-18.25998,982.75970
475963058,-6.33510,-18.18545,982.98329
475973058,-6.40963,-17.96186,983.05782
475983058,-6.78228,-17.96186,983.28141
475993058,-6.40963,-18.18545,983.20688
476003058,-6.33510,-17.88733,983.05782
476013058,-6.40963,-17.81280,983.05782
476023058,-6.26057,-18.25998,982.83423
476033058,-6.48416,-18.25998,982.83423
476043058,-6.70775,-18.18545,983.20688
476053058,-6.63322,-18.03639,982.90876
476063058,-6.33510,-18.40904,982.98329
476073058,-6.33510,-17.96186,982.83423
476083058,-6.48416,-18.03639,983.28141
476093058,-6.26057,-18.11092,982.75970
476103058,-6.48416,-18.18545,982.83423
476113058,-6.33510,-17.88733,982.90876
476123058,-6.70775,-17.88733,982.98329
476133058,-6.55869,-18.03639,982.98329
476143058,-6.55869,-18.03639,982.75970
476153058,-6.40963,-18.18545,983.13235
476163058,-6.48416,-18.03639,982.98329
476173058,-6.48416,-18.25998,983.13235
476183058,-6.48416,-17.96186,982.68517
476193058,-6.63322,-18.25998,982.98329
476203058,-6.26057,-18.18545,982.68517
476213058,-6.40963,-18.25998,982.98329
476223058,-6.55869,-17.88733,982.68517
476233058,-6.40963,-18.18545,983.28141
476243058,-6.26057,-17.96186,982.98329
476253058,-6.40963,-18.03639,982.53611
476263058,-6.40963,-17.88733,982.68517
476273058,-6.55869,-17.96186,982.98329
476283058,-6.70775,-18.11092,982.68517
476293058,-6.55869,-18.11092,982.90876
476303058,-6.26057,-17.88733,982.75970
476313058,-6.48416,-17.73827,982.98329
476323058,-6.55869,-18.03639,982.98329
476333058,-6.40963,-17.81280,982.75970
476343058,-6.48416,-17.88733,982.90876
476353058,-6.63322,-17.88733,982.90876
476363058,-6.18603,-17.81280,982.83423
476373058,-6.40963,-18.03639,982.90876
476383058,-6.85681,-18.11092,983.13235
476393058,-6.48416,-18.03639,982.75970
476403058,-6.48416,-18.11092,982.83423
476413058,-6.40963,-18.11092,983.13235
476423058,-6.70775,-18.63264,983.05782
476433058,-6.70775,-17.66374,984.47390
476443058,-6.26057,-17.88733,982.31252
476453058,-6.55869,-18.11092,983.20688
476463058,-6.70775,-18.03639,982.31252
476473058,-6.63322,-18.63264,983.87766
476483058,-6.26057,-17.58921,982.46158
476493058,-6.55869,-18.25998,982.90876
476503058,-6.63322,-17.81280,983.13235
476513058,-6.78228,-18.55810,983.43048
476523058,-6.26057,-18.11092,983.28141
476533058,-6.40963,-17.96186,982.31252
476543058,-6.33510,-18.11092,982.90876
476553058,-6.55869,-18.25998,982.98329
476563058,-6.18603,-18.18545,982.53611
476573058,-6.26057,-17.88733,982.38705
476583058,-6.85681,-18.25998,983.72860
476593058,-6.33510,-18.25998,983.80313
476603058,-6.48416,-17.96186,983.05782
476613058,-6.55869,-17.81280,982.46158
476623058,-6.48416,-18.25998,982.61064
476633058,-6.26057,-18.11092,983.43048
476643058,-6.40963,-18.25998,982.98329
476653058,-6.26057,-18.03639,983.05782
476663058,-6.40963,-18.03639,983.20688
476673058,-6.55869,-18.33451,983.05782
476683058,-6.55869,-18.25998,982.53611
476693058,-6.78228,-17.96186,982.83423
476703058,-6.63322,-17.96186,982.68517
476713058,-6.40963,-18.03639,983.13235
476723058,-6.40963,-18.03639,982.98329
476733058,-6.48416,-17.96186,982.90876
476743058,-6.40963,-18.03639,982.68517
476753058,-6.40963,-18.25998,983.13235
476763058,-6.40963,-18.11092,982.83423
476773058,-6.70775,-17.73827,982.90876
476783058,-6.55869,-17.96186,982.90876
476793058,-6.63322,-18.18545,982.61064
476803058,-6.70775,-18.11092,983.05782
476813058,-6.40963,-18.03639,982.83423
476823058,-6.55869,-17.73827,983.20688
476833058,-6.70775,-18.03639,982.98329
476843058,-6.48416,-17.73827,982.68517
476853058,-6.55869,-17.44015,983.20688
476863058,-6.48416,-18.11092,982.68517
476873058,-6.40963,-17.73827,980.97097
476883058,-6.63322,-17.58921,984.32484
476893058,-6.26057,-17.88733,983.35594
476903058,-6.70775,-18.93076,984.02672
476913058,-6.26057,-18.40904,982.61064
476923058,-6.70775,-16.91843,980.52378
476933058,-12.96831,-17.96186,979.92754
476943058,-21.24120,-13.78815,952.50030
476953058,-8.12383,-11.77583,1002.21217
476963058,-7.15493,-5.96244,992.89585
476973058,-6.18603,-27.42724,1023.97509
476983058,1.78873,-17.51468,1002.06311
476993058,14.98064,-39.57572,955.33246
477003058,-18.93076,-21.98651,977.16991
477013058,13.11738,-31.45189,943.70570
477023058,4.76995,-11.92489,985.59186
477033058,6.85681,-18.55810,996.24973
477043058,-6.18603,-20.19778,1010.48506
477053058,-10.58334,-21.16667,1002.73389
477063058,-14.83158,-30.03581,967.85359
477073058,-12.22301,-28.47067,969.26967
477083058,-18.78170,-27.20365,937.44513
477093058,-11.25411,-2.75763,927.23445
477103058,-22.80635,-7.45305,964.49972
477113058,-18.11092,-7.60212,995.95161
477123058,-20.79402,-9.09273,1006.90760
477133058,-10.88146,14.60799,995.50442
477143058,-22.73181,3.65200,999.97626
477153058,-16.99296,-7.67665,1010.85771
477163058,-5.81338,-18.63264,1011.08131
477173058,9.98709,-13.71362,999.90172
477183058,13.86268,-28.02348,984.17578
477193058,19.15435,-37.93604,979.25677
477203058,15.87501,-53.51293,993.86475
477213058,14.83158,-46.58159,982.23799
477223058,14.23533,-50.68077,970.98388
477233058,13.56456,-25.86210,970.46216
477243058,-5.51526,-33.68780,974.48681
477253058,-12.14848,-22.65728,977.39350
477263058,-23.77524,-20.27231,974.63587
477273058,-24.89320,-14.01174,962.41286
477283058,-23.92430,-2.90669,957.41932
477293058,-23.02994,-1.49061,956.52495
477303058,-22.21010,0.81984,965.99033
477313058,-17.81280,1.26702,976.27554
477323058,-25.86210,3.57747,999.23095
477333058,-14.53346,19.89965,1013.68987
477343058,-20.19778,9.98709,1028.37239
477353058,-15.20423,3.72653,1028.44692
477363058,-8.57101,-11.70129,1012.34832
477373058,1.26702,-30.11034,994.90818
477383058,2.68310,-44.49473,965.54315
477393058,12.22301,-45.16551,958.61181
477403058,14.16080,-55.15260,968.82249
477413058,16.24766,-68.56810,985.66639
477423058,57.98476,-43.00412,983.57954
477433058,17.36562,-54.63089,984.92109
477443058,3.27934,-13.19191,980.59831
477453058,-40.84274,-17.21655,944.07835
477463058,-61.78582,20.42137,942.43868
477473058,-26.45834,-10.95599,976.49914
477483058,46.05987,-22.21010,800.30894
477493058,-13.19191,12.67019,1054.23449
477503058,-22.21010,4.24824,972.62355
477513058,-16.02407,33.91140,981.34362
477523058,-36.51996,-0.14906,1028.59598
477533058,-43.97302,-1.78873,1066.68109
477543058,-25.48944,-4.91902,1042.30960
477553058,-6.63322,-2.08686,1014.21159
477563058,13.26644,-22.06104,987.75325
477573058,9.31632,-51.20248,955.70511
477583058,20.27231,-49.11563,986.48623
477593058,24.74414,-59.02819,956.15230
477603058,31.22830,-66.03406,970.76028
477613058,63.79814,-47.55048,948.17753
477623058,3.20481,-58.43194,971.43106
477633058,-28.24707,-22.28463,986.78435
477643058,-53.43840,-20.12325,960.92225
477653058,-56.79227,38.08511,971.05841
477663058,-91.82163,75.72303,1000.27438
477673058,109.03818,-88.02057,778.76961
477683058,45.24004,-5.96244,1031.05549
477693058,-64.69251,34.50764,996.62238
477703058,12.67019,-8.42195,971.65465
477713058,-0.52171,16.02407,983.87766
477723058,-37.78698,-18.25998,1037.24153
477733058,-33.31515,-16.54578,1059.52616
477743058,-24.89320,3.87559,1044.02380
477753058,0.29812,-9.01820,989.02027
477763058,14.53346,-16.69484,998.03846
477773058,-1.63967,-55.52525,964.20160
477783058,10.88146,-35.70013,984.17578
477793058,4.76995,-48.89203,962.18927
477803058,5.96244,-50.82983,961.89115
477813058,41.21539,-41.51351,951.97859
477823058,-3.13028,-64.39439,972.62355
477833058,-20.34684,-17.66374,1013.54081
477843058,-30.25940,-10.65787,980.44925
477853058,-24.07336,25.41491,957.19573
477863058,-49.48828,34.43311,976.49914
477873058,52.91668,-61.33863,919.55780
477883058,-42.55694,-5.66432,1011.90114
477893058,4.02465,-2.08686,978.13881
477903058,-7.52758,12.59566,978.88411
477913058,-21.61386,-6.48416,1022.63354
477923058,-36.14731,-6.55869,1053.56371
477933058,-28.17254,-3.65200,1039.55197
477943058,-13.41550,4.17371,997.59128
477953058,3.50294,-16.02407,982.90876
477963058,-10.21068,-51.20248,987.90231
477973058,10.06162,-40.84274,976.87179
477983058,4.91902,-35.02935,970.23857
477993058,3.80106,-46.13440,976.49914
478003058,21.68839,-51.57513,979.25677
478013058,36.44543,-55.07807,948.25206
478023058,-15.35329,-31.89907,971.43106
478033058,-29.21597,14.30986,967.70453
478043058,-42.85506,26.08569,942.51321
478053058,-56.49415,63.64908,965.99033
478063058,95.25003,-63.64908,886.83890
478073058,-52.76762,-52.17138,1039.47744
478083058,17.81280,5.73885,997.96393
478093058,-13.86268,-4.17371,963.53082
478103058,-2.38498,-1.56514,1002.73389
478113058,-31.97360,-22.06104,1048.27205
478123058,-15.72594,-15.80047,1034.93108
478133058,-0.59624,1.41608,999.75266
478143058,13.26644,-17.36562,974.33775
478153058,-3.13028,-44.49473,991.77790
478163058,16.91843,-36.74356,968.59890
478173058,2.98122,-31.60095,963.53082
478183058,-7.45305,-39.20306,968.07718
478193058,-12.74472,-45.16551,981.19456
478203058,-10.06162,-37.56339,982.83423
478213058,-15.57688,-30.25940,983.57954
478223058,-0.29812,3.95012,957.56838
478233058,-16.24766,-4.09918,947.80488
478243058,-7.97477,8.12383,949.07190
478253058,-12.37207,-7.37852,968.67343
478263058,-3.72653,-0.37265,985.29374
478273058,-2.83216,7.90024,1003.92637
478283058,-18.25998,-21.68839,1015.77673
478293058,-7.82571,-17.06749,1024.34774
478303058,-8.19836,-18.33451,1003.70278
478313058,-4.32277,-10.35975,992.59773
478323058,0.96890,-21.39026,992.89585
478333058,-2.83216,-33.16609,999.08189
478343058,-8.94366,-46.05987,977.61709
478353058,7.30399,-21.68839,977.39350
478363058,-12.96831,-34.80576,985.14468
478373058,-2.68310,-39.27759,976.87179
478383058,-4.76995,-36.14731,974.63587
478393058,-7.22946,-31.89907,957.79197
478403058,-7.67665,-7.97477,943.70570
478413058,-10.35975,-2.31045,953.91638
478423058,-2.53404,7.52758,971.72918
478433058,-9.76350,-9.24179,984.02672
478443058,0.67077,2.31045,982.31252
478453058,-9.39085,-3.72653,984.39937
478463058,-14.38439,-18.25998,988.79667
478473058,-18.18545,-19.67606,1003.25560
478483058,-8.34742,-8.12383,994.23740
478493058,-12.52113,-9.46538,989.09480
478503058,-10.58334,-10.65787,994.98271
478513058,-14.23533,-20.49590,1007.42931
478523058,-3.80106,-18.55810,1005.56605
478533058,-10.50881,-33.83687,986.18811
478543058,10.35975,-31.75001,975.45571
478553058,-2.01232,-38.15964,979.85301
478563058,3.72653,-50.08452,987.82778
478573058,7.00587,-40.09743,988.87120
478583058,10.65787,-31.75001,983.35594
478593058,2.16139,-27.94895,973.96510
478603058,3.50294,-15.20423,961.07131
478613058,-6.33510,-11.40317,939.75558
478623058,-16.91843,-14.45892,939.01027
478633058,-18.48357,-3.35387,952.72389
478643058,-20.57043,-0.37265,976.87179
478653058,-18.40904,16.91843,992.07602
478663058,-39.05400,-0.96890,1020.62121
478673058,-22.65728,14.23533,1019.42873
478683058,-29.36503,-2.60857,1023.82603
478693058,-16.47125,-2.98122,1016.07485
478703058,-1.56514,-15.35329,998.41111
478713058,6.63322,-18.48357,992.82132
478723058,14.98064,-45.09098,967.10829
478733058,4.91902,-42.92959,971.65465
478743058,15.87501,-49.78640,983.20688
478753058,11.85036,-59.40084,977.61709
478763058,20.04872,-38.08511,985.59186
478773058,5.88791,-44.27114,974.11416
478783058,-9.39085,-26.60740,974.41228
478793058,-1.34155,-16.76937,943.63117
478803058,-19.97418,-14.01174,936.47624
478813058,-13.78815,10.28521,958.16462
478823058,-14.53346,4.47183,961.29490
478833058,-7.52758,17.06749,974.41228
478843058,-15.57688,7.60212,990.13822
478853058,-37.63792,-23.99883,1015.18049
478863058,-18.93076,-6.03697,1025.83835
478873058,-20.94308,-17.88733,1018.83248
478883058,-7.45305,1.34155,1008.47274
478893058,-2.31045,-12.89378,994.61006
478903058,6.33510,-19.60153,1000.34891
478913058,-2.53404,-41.21539,993.11945
478923058,2.90669,-39.35213,960.54960
478933058,7.45305,-25.19132,982.38705
478943058,-3.27934,-54.70542,978.80958
478953058,10.65787,-47.92314,988.20043
478963058,25.56398,-49.41375,962.41286
478973058,-9.98709,-44.19661,956.97213
478983058,-31.07924,15.12970,973.44338
478993058,-49.48828,28.24707,956.00324
479003058,40.76821,-4.99355,839.28841
479013058,-9.83803,-7.15493,1062.43285
479023058,-52.24591,-0.81984,1020.84481
479033058,-3.05575,-1.04343,1002.65935
479043058,-13.19191,0.44718,991.03259
479053058,-24.29696,-20.04872,1021.73917
479063058,-19.82512,-25.93663,1028.89410
479073058,-7.00587,-7.22946,1012.94457
479083058,0.52171,-14.30986,975.38118
479093058,5.36620,-16.84390,985.14468
479103058,0.14906,-36.14731,993.56663
479113058,-3.42840,-41.36445,971.05841
479123058,2.68310,-15.12970,983.28141
479133058,-10.80693,-30.25940,977.31897
479143058,-10.50881,-45.24004,977.39350
479153058,-5.29167,-31.52642,974.63587
479163058,-11.99942,-37.71245,957.94103
479173058,2.16139,-1.19249,954.88528
479183058,-5.21714,-10.65787,955.55605
479193058,-0.29812,-3.57747,976.64820
479203058,-9.53991,-22.80635,983.50501
479213058,3.80106,3.80106,979.85301
479223058,-6.85681,-2.90669,984.10125
479233058,-6.78228,-5.58979,991.70337
479243058,-16.17313,-16.17313,1001.61593
479253058,-10.43428,-3.50294,999.82719
479263058,-16.69484,-14.01174,1001.83952
479273058,-11.85036,-11.47770,1007.95102
479283058,-11.77583,-24.74414,1004.14997
479293058,-6.78228,-24.74414,995.28083
479303058,-6.78228,-29.36503,985.44280
479313058,-2.01232,-38.23417,961.96568
479323058,-0.37265,-35.40201,972.69808
479333058,3.42840,-39.79931,976.49914
479343058,10.58334,-33.76233,974.33775
479353058,10.95599,-20.04872,972.02730
479363058,-2.38498,-24.37149,951.45687
479373058,-4.02465,-13.63909,942.96039
479383058,-14.30986,-5.88791,958.16462
479393058,-13.78815,-1.78873,978.51146
479403058,-16.39672,3.35387,989.39292
479413058,-33.01703,-7.67665,1010.63412
479423058,-24.14789,8.34742,1020.54668
479433058,-22.28463,-2.08686,1016.14938
479443058,-12.22301,-2.98122,1011.97567
479453058,0.07453,-12.59566,997.44222
479463058,8.27289,-26.83099,986.93341
479473058,14.45892,-32.04813,978.58599
479483058,3.65200,-40.24649,967.55547
479493058,10.80693,-33.09156,971.50559
479503058,-5.58979,-50.90436,984.39937
479513058,-3.95012,-48.29579,991.55430
479523058,-4.54636,-41.58804,1002.73389
479533058,-8.86913,-35.10388,988.72214
479543058,-7.82571,-17.66374,962.04021
479553058,-11.47770,-1.71420,945.56896
479563058,-13.41550,-3.05575,936.62530
479573058,-3.65200,12.22301,953.39467
479583058,-7.08040,3.65200,963.00911
479593058,2.68310,21.53933,972.02730
479603058,-12.07395,6.40963,989.76557
479613058,-34.80576,-30.18487,1018.31077
479623058,-20.42137,-12.44660,1026.50913
479633058,-21.01761,-22.06104,1020.39762
479643058,-9.83803,-7.60212,1006.31135
479653058,-6.11150,-17.51468,993.11945
479663058,-1.34155,-25.93663,995.50442
479673058,-7.90024,-52.69309,983.72860
479683058,7.75118,-28.32161,972.62355
479693058,15.57688,-30.25940,980.37472
479703058,18.11092,-42.18429,983.35594
479713058,18.85623,-39.42666,989.24386
479723058,12.14848,-50.75530,962.78552
479733058,-9.09273,-33.91140,958.31368
479743058,-19.37794,8.19836,963.67988
479753058,-1.78873,-21.24120,917.76907
479763058,-10.73240,11.47770,981.04550
479773058,-20.04872,-6.85681,983.05782
479783058,-7.08040,10.06162,983.28141
479793058,-21.39026,10.50881,994.83365
479803058,-38.15964,-22.28463,1009.73976
479813058,-21.39026,-7.52758,1017.04375
479823058,-19.67606,-9.01820,1001.01968
479833058,-11.55223,-4.76995,994.75912
479843058,-0.07453,-9.98709,995.65348
479853058,1.04343,-22.50822,998.33658
479863058,-4.47183,-30.18487,988.27496
479873058,7.00587,-31.82454,979.10770
479883058,0.00000,-32.71891,981.04550
479893058,1.26702,-54.55636,983.80313
479903058,7.45305,-53.58746,987.23153
479913058,29.21597,-43.30224,971.65465
479923058,2.23592,-39.35213,963.67988
479933058,-16.24766,5.14261,972.77261
479943058,-40.99180,9.24179,959.72976
479953058,22.65728,-31.52642,967.77906
479963058,-16.39672,-0.74531,945.86708
479973058,-27.42724,-14.01174,1028.22333
479983058,3.87559,10.13615,974.03963
479993058,-13.11738,3.05575,971.28200
480003058,-16.09860,-9.61444,996.84597
480013058,-31.07924,-20.27231,1023.37884
480023058,-15.72594,2.38498,1018.23624
480033058,-18.40904,-7.75118,997.51675
480043058,-4.84449,-5.66432,994.61006
480053058,-15.72594,-33.68780,1005.41698
480063058,-6.55869,-34.43311,972.25089
480073058,-4.39730,-24.14789,981.79080
480083058,-5.58979,-36.29637,973.07073
480093058,4.24824,-40.02290,975.08305
480103058,11.99942,-34.06046,964.72331
480113058,5.88791,-35.84919,963.67988
480123058,8.19836,-20.94308,955.48152
480133058,4.32277,-16.76937,955.77964
480143058,0.44718,-6.78228,969.41873
480153058,-7.45305,-16.47125,976.12648
480163058,-7.22946,-3.95012,982.08893
480173058,-27.27818,-15.20423,1001.24327
480183058,-24.74414,-6.26057,1001.24327
480193058,-22.28463,-3.42840,1008.69633
480203058,-17.58921,0.89437,1000.57250
480213058,-12.59566,-3.27934,1008.10008
480223058,-0.81984,-11.99942,1008.62180
480233058,7.45305,-21.39026,1000.12532
480243058,13.41550,-24.74414,985.07015
480253058,5.44073,-34.95482,980.00207
480263058,1.26702,-38.68135,964.20160
480273058,-5.88791,-49.86093,959.05899
480283058,-7.37852,-32.64438,973.96510
480293058,-8.57101,-34.28405,981.49268
480303058,-6.48416,-19.37794,987.52966
480313058,-12.22301,-20.86855,984.10125
480323058,-14.45892,-16.76937,964.27613
480333058,-12.67019,-8.34742,950.18985
480343058,-7.60212,0.74531,949.51908
480353058,-5.51526,1.78873,967.77906
480363058,-6.70775,-0.59624,984.99562
480373058,-14.90611,-7.30399,1002.28670
480383058,-16.39672,-8.49648,1010.78318
480393058,-12.52113,-4.24824,1012.05020
480403058,-11.55223,-3.35387,1004.44809
480413058,-5.88791,-8.34742,1000.94515
480423058,-1.34155,-21.31573,1003.25560
480433058,-4.62089,-33.09156,997.14409
480443058,2.60857,-44.19661,962.71099
480453058,3.72653,-30.11034,988.27496
480463058,-5.81338,-57.68664,979.33130
480473058,6.93134,-50.30811,983.35594
480483058,10.95599,-38.45776,974.56134
480493058,3.42840,-35.40201,953.24561
480503058,-20.12325,-0.96890,970.01498
480513058,3.87559,-12.44660,928.72506
480523058,-22.80635,-5.51526,953.46920
480533058,-6.33510,11.40317,980.59831
480543058,-14.30986,4.91902,972.02730
480553058,-3.42840,32.94250,985.74092
480563058,-46.50706,-22.35916,1010.41053
480573058,-23.17900,-6.33510,1014.36065
480583058,-37.41433,-28.39614,1022.63354
480593058,-10.95599,4.09918,1017.86358
480603058,-2.01232,-12.14848,1007.05666
480613058,12.22301,-13.49003,1012.42286
480623058,11.25411,-49.63734,978.80958
480633058,3.95012,-40.76821,975.45571
480643058,21.68839,-31.07924,968.00265
480653058,16.17313,-52.61856,962.04021
480663058,29.29050,-37.48886,975.90289
480673058,16.17313,-61.78582,960.47507
480683058,-22.88088,-41.81163,990.28728
480693058,-36.89262,-10.28521,992.82132
480703058,-35.70013,8.49648,965.17049
480713058,-28.17254,35.92372,972.47449
480723058,10.06162,-23.17900,908.97447
480733058,-19.22888,6.40963,999.60360
480743058,-12.96831,-6.03697,966.81016
480753058,3.27934,12.37207,964.94690
480763058,-30.40846,-19.22888,1009.81429
480773058,-24.44602,-0.29812,1037.24153
480783058,-32.19719,-16.47125,1034.55843
480793058,-16.32219,3.50294,1000.27438
480803058,-7.67665,-11.99942,993.11945
480813058,-2.83216,-16.17313,1009.88882
480823058,6.48416,-54.33276,980.67285
480833058,-4.76995,-32.79344,982.31252
480843058,12.37207,-39.57572,987.38059
480853058,13.26644,-56.56868,974.33775
480863058,56.12150,-36.59450,964.27613
480873058,14.98064,-74.75413,955.48152
480883058,6.40963,-25.34038,976.12648
480893058,-25.04226,-17.66374,963.60535
480903058,-29.36503,21.76292,960.92225
480913058,-63.12737,50.23358,989.61651
480923058,-0.52171,-40.54461,1000.12532
480933058,51.42607,-24.07336,775.56480
480943058,-25.63851,-20.86855,1068.61888
480953058,2.23592,5.51526,946.83598
480963058,-9.39085,13.19191,964.20160
480973058,-28.47067,-6.11150,1017.11828
480983058,-39.35213,-2.01232,1051.77498
480993058,-36.81809,0.74531,1023.45338
481003058,-20.64496,7.00587,995.57895
481013058,0.37265,-13.86268,996.92050
481023058,4.76995,-41.51351,971.28200
481033058,1.04343,-44.56926,994.61006
481043058,7.37852,-51.64966,992.67226
481053058,11.99942,-62.60565,980.44925
481063058,45.76175,-45.01645,964.87237
481073058,39.50119,-55.59978,951.15875
481083058,5.96244,-31.60095,978.58599
481093058,-4.54636,-20.86855,972.25089
481103058,-17.66374,-10.28521,957.49385
481113058,-45.53816,39.57572,986.03904
481123058,-80.12033,52.09685,1000.42344
481133058,110.67785,-42.92959,822.51904
481143058,-66.92842,-50.82983,1083.67405
481153058,-39.50119,-20.86855,1001.69046
481163058,-16.62031,5.14261,967.63000
481173058,-24.29696,9.98709,1003.77731
481183058,-38.53229,4.84449,1038.95573
481193058,-41.88616,2.75763,1035.45279
481203058,-25.93663,17.96186,1018.23624
481213058,-4.76995,-9.76350,999.23095
481223058,23.55165,-30.40846,970.38763
481233058,-0.52171,-51.57513,986.41170
481243058,12.29754,-52.54403,989.24386
481253058,12.29754,-76.02115,983.13235
481263058,33.76233,-65.13969,975.60477
481273058,74.15789,-52.02232,937.51966
481283058,1.71420,-45.38910,976.87179
481293058,-8.42195,-9.46538,986.85888
481303058,-25.11679,-22.06104,953.46920
481313058,-37.19074,30.55752,974.78493
481323058,-81.76000,60.81692,1008.47274
481333058,-25.11679,5.29167,985.66639
481343058,102.55402,-53.81105,900.03080
481353058,-77.43723,-37.63792,1052.81841
481363058,23.70071,8.94366,962.63645
481373058,-16.39672,-0.29812,956.15230
481383058,-23.55165,-7.00587,1011.08131
481393058,-39.50119,5.44073,1055.35245
481403058,-36.74356,3.57747,1020.77028
481413058,-29.73769,11.92489,989.91463
481423058,-6.70775,-9.09273,983.43048
481433058,6.48416,-35.92372,988.12590
481443058,-9.68897,-43.30224,989.69104
481453058,1.63967,-44.27114,1004.74621
481463058,6.93134,-60.07162,992.37414
